0.1,1,1.1175,0.70299,0.23457,0.1,1,48.807,9.2695,0.11728
0.1,2,1.1495,0.64664,0.19753,0.1,2,32.921,0.98598,0.14403
0.1,3,1.0301,0.57434,0.19753,0.1,3,24.948,0.90593,0.15741
0.1,4,1.0382,0.53462,0.23457,0.1,4,20.166,0.82625,0.17284
0.1,5,1.0053,0.55772,0.24691,0.1,5,16.973,0.77229,0.18519
0.1,6,1.002,0.4975,0.23457,0.1,6,14.691,0.71836,0.19224
0.1,7,0.99973,0.55405,0.24691,0.1,7,12.98,0.70534,0.19907
0.1,8,0.98183,0.5331,0.2716,0.1,8,11.647,0.67063,0.20713
0.1,9,1.0385,0.52922,0.24691,0.1,9,10.586,0.6456,0.21111
0.1,10,1.0556,0.53352,0.23457,0.1,10,9.7195,0.62716,0.21324
0.1,11,1.0429,0.50826,0.23457,0.1,11,8.9964,0.61733,0.21502
0.1,12,1.0162,0.52674,0.22222,0.1,12,8.3826,0.60968,0.21557
0.1,13,1.0089,0.5227,0.23457,0.1,13,7.8559,0.60739,0.21693
0.1,14,0.98821,0.54708,0.24691,0.1,14,7.398,0.60426,0.21893
0.1,15,0.99141,0.5669,0.24691,0.1,15,6.9976,0.59827,0.22068
0.1,16,0.99483,0.53549,0.22222,0.1,16,6.6445,0.59387,0.22077
0.1,17,0.99658,0.53715,0.20988,0.1,17,6.3307,0.58673,0.22016
0.1,18,1.0046,0.53736,0.20988,0.1,18,6.0504,0.58372,0.21962
0.1,19,1.0172,0.51817,0.20988,0.1,19,5.7988,0.57737,0.21914
0.1,20,1.0165,0.51477,0.20988,0.1,20,5.571,0.57433,0.21869
0.1,21,1.0196,0.53327,0.19753,0.1,21,5.3641,0.57166,0.21773
0.1,22,1.0162,0.55142,0.22222,0.1,22,5.1751,0.57086,0.21793
0.1,23,1.0116,0.52929,0.22222,0.1,23,5.0016,0.57012,0.21811
0.1,24,1.0104,0.54371,0.22222,0.1,24,4.842,0.56854,0.21827
0.1,25,1.0083,0.53504,0.24691,0.1,25,4.6945,0.5674,0.21937
0.15,1,1.0907,0.71741,0.22222,0.15,1,4.561,0.57109,0.21948
0.15,2,1.1236,0.66264,0.19753,0.15,2,4.4383,0.57341,0.21869
0.15,3,1.0124,0.62228,0.18519,0.15,3,4.3201,0.57434,0.21754
0.15,4,1.02,0.57433,0.23457,0.15,4,4.2101,0.57434,0.21811
0.15,5,0.97821,0.59387,0.24691,0.15,5,4.1059,0.57434,0.21904
0.15,6,0.97685,0.52307,0.23457,0.15,6,4.0081,0.57341,0.21952
0.15,7,0.97106,0.5696,0.24691,0.15,7,3.9161,0.57186,0.22035
0.15,8,0.9506,0.53485,0.2716,0.15,8,3.8289,0.57098,0.22186
0.15,9,0.99752,0.53035,0.24691,0.15,9,3.748,0.5708,0.22257
0.15,10,1.0178,0.54917,0.23457,0.15,10,3.6721,0.57073,0.22291
0.15,11,0.99605,0.54191,0.23457,0.15,11,3.5998,0.57065,0.22322
0.15,12,0.97526,0.5362,0.22222,0.15,12,3.5307,0.5696,0.2232
0.15,13,0.97088,0.52405,0.23457,0.15,13,3.4651,0.56898,0.22349
0.15,14,0.95154,0.57984,0.24691,0.15,14,3.4023,0.56929,0.22407
0.15,15,0.94167,0.57145,0.24691,0.15,15,3.3422,0.5696,0.22463
0.15,16,0.95002,0.55183,0.22222,0.15,16,3.2853,0.56876,0.22457
0.15,17,0.94086,0.53715,0.20988,0.15,17,3.2308,0.56745,0.22423
0.15,18,0.95086,0.53736,0.20988,0.15,18,3.1789,0.5669,0.22391
0.15,19,0.96676,0.51817,0.20988,0.15,19,3.1298,0.56483,0.22359
0.15,20,0.96588,0.51477,0.20988,0.15,20,3.0827,0.5633,0.2233
0.15,21,0.97163,0.53327,0.19753,0.15,21,3.0378,0.56265,0.22275
0.15,22,0.96749,0.55142,0.22222,0.15,22,2.9947,0.55982,0.22274
0.15,23,0.96473,0.52929,0.22222,0.15,23,2.9533,0.55772,0.22273
0.15,24,0.9659,0.54371,0.22222,0.15,24,2.9135,0.55719,0.22272
0.15,25,0.9652,0.53504,0.24691,0.15,25,2.8753,0.55592,0.22319
0.2,1,1.1794,0.89833,0.14815,0.2,1,2.8427,0.56713,0.22175
0.2,2,1.0836,0.88384,0.12346,0.2,2,2.8095,0.57075,0.21989
0.2,3,1.0153,0.87716,0.1358,0.2,3,2.7763,0.57341,0.21834
0.2,4,1.0484,0.82669,0.17284,0.2,4,2.7449,0.57556,0.21751
0.2,5,1.0046,0.8227,0.19753,0.2,5,2.7138,0.5804,0.21715
0.2,6,0.9902,0.82669,0.17284,0.2,6,2.6836,0.58426,0.21637
0.2,7,0.97331,0.82669,0.16049,0.2,7,2.6541,0.5881,0.21541
0.2,8,0.9655,0.82669,0.18519,0.2,8,2.6254,0.59232,0.2149
0.2,9,1.0171,0.82669,0.16049,0.2,9,2.5986,0.59367,0.21399
0.2,10,1.0397,0.82669,0.14815,0.2,10,2.5731,0.59615,0.21291
0.2,11,1.0105,0.79153,0.18519,0.2,11,2.5479,0.59768,0.21247
0.2,12,1.0003,0.76732,0.17284,0.2,12,2.5233,0.59956,0.21184
0.2,13,0.99672,0.77714,0.18519,0.2,13,2.4995,0.60124,0.21142
0.2,14,0.98639,0.79831,0.18519,0.2,14,2.4762,0.60426,0.21102
0.2,15,0.96234,0.74302,0.20988,0.2,15,2.4533,0.60776,0.211
0.2,16,0.97347,0.72162,0.18519,0.2,16,2.4312,0.60921,0.21061
0.2,17,0.9657,0.70745,0.18519,0.2,17,2.4096,0.60968,0.21024
0.2,18,0.95842,0.69846,0.17284,0.2,18,2.3886,0.61101,0.2097
0.2,19,0.97093,0.64755,0.17284,0.2,19,2.3683,0.61148,0.20917
0.2,20,0.97019,0.64755,0.18519,0.2,20,2.3486,0.61169,0.20883
0.2,21,0.96988,0.65482,0.18519,0.2,21,2.3295,0.61172,0.2085
0.2,22,0.96667,0.64755,0.20988,0.2,22,2.3108,0.61176,0.20852
0.2,23,0.96513,0.64755,0.19753,0.2,23,2.2926,0.61178,0.20838
0.2,24,0.96648,0.67595,0.19753,0.2,24,2.275,0.61181,0.20823
0.2,25,0.96372,0.65794,0.22222,0.2,25,2.2577,0.612,0.20841
0.25,1,0.97889,0.85593,0.098765,0.25,1,2.2411,0.62009,0.20699
0.25,2,0.96563,0.8649,0.08642,0.25,2,2.2247,0.6246,0.20544
0.25,3,0.93477,0.86319,0.08642,0.25,3,2.2084,0.63201,0.20394
0.25,4,0.92353,0.84882,0.1358,0.25,4,2.1923,0.64157,0.20309
0.25,5,0.88219,0.84882,0.1358,0.25,5,2.1762,0.64565,0.20226
0.25,6,0.8424,0.8465,0.12346,0.25,6,2.1599,0.64755,0.20129
0.25,7,0.84427,0.84882,0.11111,0.25,7,2.1441,0.64755,0.20021
0.25,8,0.83282,0.84882,0.14815,0.25,8,2.1284,0.65272,0.19959
0.25,9,0.93247,0.85555,0.12346,0.25,9,2.1144,0.65466,0.19869
0.25,10,0.94749,0.85555,0.11111,0.25,10,2.1008,0.65604,0.19767
0.25,11,0.91877,0.83651,0.14815,0.25,11,2.0872,0.66735,0.19711
0.25,12,0.90285,0.82922,0.14815,0.25,12,2.0738,0.67435,0.19655
0.25,13,0.91315,0.83614,0.16049,0.25,13,2.0607,0.67948,0.19614
0.25,14,0.90108,0.83475,0.16049,0.25,14,2.0478,0.69149,0.19575
0.25,15,0.87374,0.83413,0.18519,0.25,15,2.0349,0.6933,0.19563
0.25,16,0.87877,0.82922,0.16049,0.25,16,2.0224,0.69653,0.19525
0.25,17,0.87695,0.82813,0.16049,0.25,17,2.0101,0.69888,0.19488
0.25,18,0.88013,0.82813,0.14815,0.25,18,1.998,0.69986,0.19438
0.25,19,0.88131,0.82159,0.14815,0.25,19,1.9863,0.70037,0.19389
0.25,20,0.88687,0.81967,0.16049,0.25,20,1.9748,0.70219,0.19354
0.25,21,0.90088,0.81328,0.16049,0.25,21,1.9638,0.70393,0.1932
0.25,22,0.89194,0.78096,0.17284,0.25,22,1.9528,0.70569,0.193
0.25,23,0.88902,0.77092,0.16049,0.25,23,1.9421,0.7068,0.19267
0.25,24,0.89808,0.76556,0.16049,0.25,24,1.9316,0.7077,0.19235
0.25,25,0.89484,0.73221,0.18519,0.25,25,1.9214,0.70815,0.19227
0.3,1,0.79581,0.82452,0.08642,0.3,1,1.9103,0.70815,0.19124
0.3,2,0.80862,0.84714,0.061728,0.3,2,1.8996,0.71161,0.18998
0.3,3,0.81121,0.84244,0.074074,0.3,3,1.8892,0.71412,0.18887
0.3,4,0.80282,0.82669,0.12346,0.3,4,1.8788,0.71586,0.18824
0.3,5,0.78281,0.82261,0.12346,0.3,5,1.8685,0.7178,0.18763
0.3,6,0.76292,0.81169,0.11111,0.3,6,1.8582,0.71847,0.18692
0.3,7,0.7571,0.79553,0.11111,0.3,7,1.848,0.72118,0.18621
0.3,8,0.74614,0.79553,0.1358,0.3,8,1.8378,0.72483,0.18575
0.3,9,0.90105,0.82261,0.08642,0.3,9,1.8293,0.72884,0.18485
0.3,10,0.92431,0.84714,0.074074,0.3,10,1.8212,0.73221,0.18385
0.3,11,0.89879,0.81428,0.098765,0.3,11,1.8129,0.73354,0.18309
0.3,12,0.88685,0.80976,0.098765,0.3,12,1.8047,0.73633,0.18234
0.3,13,0.89706,0.82261,0.11111,0.3,13,1.7968,0.73803,0.18172
0.3,14,0.88285,0.82261,0.12346,0.3,14,1.7888,0.739,0.18121
0.3,15,0.85635,0.78892,0.14815,0.3,15,1.7808,0.73934,0.18093
0.3,16,0.86127,0.78892,0.1358,0.3,16,1.7729,0.73968,0.18054
0.3,17,0.85487,0.79553,0.14815,0.3,17,1.7652,0.73968,0.18027
0.3,18,0.85362,0.78892,0.1358,0.3,18,1.7575,0.74025,0.17989
0.3,19,0.87489,0.79553,0.12346,0.3,19,1.7501,0.74302,0.17942
0.3,20,0.87861,0.80014,0.1358,0.3,20,1.7429,0.74435,0.17906
0.3,21,0.89622,0.79553,0.1358,0.3,21,1.736,0.7458,0.17871
0.3,22,0.89081,0.78892,0.14815,0.3,22,1.7291,0.75123,0.17846
0.3,23,0.89471,0.79553,0.1358,0.3,23,1.7224,0.75123,0.17812
0.3,24,0.9007,0.79553,0.1358,0.3,24,1.7158,0.75123,0.17778
0.3,25,0.89378,0.79553,0.14815,0.3,25,1.7093,0.75123,0.17754
0.35,1,0.82993,0.82899,0.061728,0.35,1,1.7024,0.75256,0.17663
0.35,2,0.78801,0.82899,0.074074,0.35,2,1.6952,0.75256,0.17583
0.35,3,0.76378,0.82899,0.074074,0.35,3,1.688,0.75458,0.17504
0.35,4,0.75191,0.81399,0.11111,0.35,4,1.6808,0.75552,0.17455
0.35,5,0.74439,0.81255,0.12346,0.35,5,1.6737,0.75996,0.17416
0.35,6,0.74015,0.81169,0.098765,0.35,6,1.6666,0.76048,0.17359
0.35,7,0.73828,0.79517,0.098765,0.35,7,1.6596,0.7606,0.17303
0.35,8,0.72827,0.79517,0.11111,0.35,8,1.6527,0.76067,0.17256
0.35,9,0.79401,0.81063,0.08642,0.35,9,1.6463,0.76067,0.17193
0.35,10,0.87271,0.82899,0.074074,0.35,10,1.6406,0.76067,0.17121
0.35,11,0.84191,0.81255,0.098765,0.35,11,1.6348,0.76212,0.17068
0.35,12,0.83236,0.80976,0.098765,0.35,12,1.629,0.76269,0.17016
0.35,13,0.84055,0.81255,0.11111,0.35,13,1.6233,0.76439,0.16973
0.35,14,0.84244,0.81255,0.11111,0.35,14,1.6177,0.76522,0.16931
0.35,15,0.82006,0.79425,0.1358,0.35,15,1.6121,0.76556,0.16907
0.35,16,0.81828,0.79425,0.12346,0.35,16,1.6065,0.76576,0.16875
0.35,17,0.82092,0.79425,0.1358,0.35,17,1.601,0.76732,0.16852
0.35,18,0.82555,0.79425,0.12346,0.35,18,1.5956,0.76732,0.16821
0.35,19,0.85043,0.81399,0.12346,0.35,19,1.5905,0.76774,0.1679
0.35,20,0.8509,0.81399,0.12346,0.35,20,1.5854,0.76976,0.1676
0.35,21,0.86276,0.81255,0.12346,0.35,21,1.5805,0.77073,0.1673
0.35,22,0.86123,0.81255,0.1358,0.35,22,1.5756,0.77092,0.16708
0.35,23,0.85246,0.81255,0.1358,0.35,23,1.5708,0.77092,0.16687
0.35,24,0.8584,0.81255,0.1358,0.35,24,1.566,0.77092,0.16667
0.35,25,0.84948,0.81255,0.14815,0.35,25,1.5613,0.77092,0.16654
0.4,1,0.81687,0.81557,0.061728,0.4,1,1.5564,0.77092,0.16585
0.4,2,0.79426,0.81557,0.061728,0.4,2,1.5514,0.77092,0.16517
0.4,3,0.77264,0.81557,0.074074,0.4,3,1.5463,0.77092,0.16458
0.4,4,0.76026,0.80861,0.098765,0.4,4,1.5413,0.77171,0.16416
0.4,5,0.75473,0.7984,0.11111,0.4,5,1.5362,0.77171,0.16382
0.4,6,0.74845,0.7984,0.098765,0.4,6,1.5312,0.77171,0.1634
0.4,7,0.75051,0.7965,0.098765,0.4,7,1.5263,0.77171,0.16299
0.4,8,0.74405,0.7965,0.11111,0.4,8,1.5213,0.77482,0.16267
0.4,9,0.8117,0.7984,0.074074,0.4,9,1.5169,0.77714,0.16211
0.4,10,0.84075,0.81557,0.061728,0.4,10,1.5127,0.77736,0.16149
0.4,11,0.81704,0.80861,0.098765,0.4,11,1.5084,0.77881,0.1611
0.4,12,0.80366,0.7984,0.098765,0.4,12,1.5041,0.77915,0.16072
0.4,13,0.81324,0.7984,0.11111,0.4,13,1.4999,0.78024,0.16042
0.4,14,0.84628,0.7984,0.11111,0.4,14,1.4959,0.78096,0.16012
0.4,15,0.83173,0.79425,0.11111,0.4,15,1.4919,0.78102,0.15982
0.4,16,0.83061,0.79425,0.098765,0.4,16,1.488,0.78102,0.15946
0.4,17,0.83759,0.79425,0.098765,0.4,17,1.4841,0.78102,0.1591
0.4,18,0.83363,0.79198,0.098765,0.4,18,1.4802,0.78102,0.15874
0.4,19,0.85464,0.7984,0.11111,0.4,19,1.4766,0.78219,0.15846
0.4,20,0.85183,0.80014,0.11111,0.4,20,1.4729,0.78403,0.15818
0.4,21,0.87274,0.80421,0.11111,0.4,21,1.4694,0.78403,0.15791
0.4,22,0.87221,0.7984,0.11111,0.4,22,1.466,0.78403,0.15764
0.4,23,0.85228,0.7965,0.1358,0.4,23,1.4624,0.78403,0.15751
0.4,24,0.85432,0.7965,0.1358,0.4,24,1.459,0.78403,0.15739
0.4,25,0.84582,0.7965,0.14815,0.4,25,1.4555,0.78403,0.15734
0.45,1,0.74656,0.80016,0.061728,0.45,1,1.4515,0.78403,0.1568
0.45,2,0.74257,0.7984,0.061728,0.45,2,1.4475,0.78403,0.15626
0.45,3,0.73985,0.7984,0.061728,0.45,3,1.4435,0.78403,0.15573
0.45,4,0.73514,0.7984,0.074074,0.45,4,1.4396,0.78403,0.15528
0.45,5,0.72797,0.7984,0.098765,0.45,5,1.4357,0.78403,0.15497
0.45,6,0.7281,0.7984,0.08642,0.45,6,1.4318,0.78403,0.15459
0.45,7,0.72875,0.7984,0.08642,0.45,7,1.4279,0.78403,0.15422
0.45,8,0.72828,0.7984,0.098765,0.45,8,1.4241,0.78403,0.15392
0.45,9,0.74523,0.80016,0.074074,0.45,9,1.4205,0.78403,0.15349
0.45,10,0.76141,0.80207,0.061728,0.45,10,1.4169,0.78403,0.15299
0.45,11,0.75953,0.80207,0.074074,0.45,11,1.4134,0.78403,0.15257
0.45,12,0.74689,0.7984,0.074074,0.45,12,1.4099,0.78417,0.15215
0.45,13,0.76044,0.80016,0.08642,0.45,13,1.4064,0.78431,0.15181
0.45,14,0.78312,0.7984,0.08642,0.45,14,1.4031,0.78632,0.15146
0.45,15,0.77206,0.7965,0.08642,0.45,15,1.3998,0.78632,0.15112
0.45,16,0.77342,0.7965,0.074074,0.45,16,1.3966,0.78632,0.15072
0.45,17,0.76803,0.7965,0.074074,0.45,17,1.3933,0.78632,0.15032
0.45,18,0.76774,0.7965,0.074074,0.45,18,1.3901,0.78632,0.14993
0.45,19,0.76787,0.78892,0.098765,0.45,19,1.3869,0.78632,0.14967
0.45,20,0.76137,0.78892,0.11111,0.45,20,1.3837,0.78632,0.14947
0.45,21,0.77813,0.78892,0.098765,0.45,21,1.3806,0.78697,0.14921
0.45,22,0.77762,0.78892,0.098765,0.45,22,1.3776,0.78697,0.14896
0.45,23,0.75371,0.75686,0.12346,0.45,23,1.3745,0.78697,0.14883
0.45,24,0.75563,0.75686,0.12346,0.45,24,1.3714,0.78697,0.1487
0.45,25,0.74919,0.75093,0.1358,0.45,25,1.3683,0.78632,0.14864
0.5,1,0.7234,0.73784,0.074074,0.5,1,1.3651,0.78632,0.14827
0.5,2,0.71897,0.73709,0.074074,0.5,2,1.3619,0.78431,0.1479
0.5,3,0.71928,0.73709,0.074074,0.5,3,1.3587,0.78403,0.14754
0.5,4,0.71608,0.73709,0.08642,0.5,4,1.3556,0.78403,0.14724
0.5,5,0.71329,0.73709,0.098765,0.5,5,1.3525,0.78403,0.14701
0.5,6,0.71339,0.73709,0.08642,0.5,6,1.3494,0.78403,0.14672
0.5,7,0.7139,0.73784,0.08642,0.5,7,1.3463,0.78403,0.14643
0.5,8,0.71306,0.73784,0.098765,0.5,8,1.3433,0.78403,0.1462
0.5,9,0.71704,0.73784,0.08642,0.5,9,1.3403,0.78403,0.14591
0.5,10,0.71675,0.73784,0.08642,0.5,10,1.3374,0.78403,0.14563
0.5,11,0.7223,0.73784,0.098765,0.5,11,1.3345,0.78403,0.14541
0.5,12,0.72491,0.73784,0.08642,0.5,12,1.3316,0.78219,0.14513
0.5,13,0.73645,0.73784,0.08642,0.5,13,1.3288,0.78124,0.14486
0.5,14,0.73153,0.73709,0.08642,0.5,14,1.3261,0.78124,0.14459
0.5,15,0.72158,0.72913,0.08642,0.5,15,1.3233,0.78102,0.14432
0.5,16,0.72525,0.72913,0.074074,0.5,16,1.3205,0.78102,0.14399
0.5,17,0.71414,0.72495,0.08642,0.5,17,1.3177,0.78102,0.14373
0.5,18,0.71221,0.72495,0.08642,0.5,18,1.315,0.78096,0.14347
0.5,19,0.69311,0.72181,0.11111,0.5,19,1.3121,0.77915,0.14332
0.5,20,0.68028,0.71737,0.12346,0.5,20,1.3093,0.77881,0.14323
0.5,21,0.73677,0.72181,0.11111,0.5,21,1.3067,0.77787,0.14309
0.5,22,0.73755,0.72181,0.11111,0.5,22,1.3041,0.77731,0.14294
0.5,23,0.72293,0.71737,0.12346,0.5,23,1.3015,0.77482,0.14286
0.5,24,0.72507,0.71173,0.12346,0.5,24,1.299,0.77301,0.14277
0.5,25,0.72628,0.71173,0.12346,0.5,25,1.2964,0.77214,0.14269
0.55,1,0.69779,0.69147,0.074074,0.55,1,1.2938,0.77214,0.14238
0.55,2,0.6987,0.69547,0.074074,0.55,2,1.2912,0.77214,0.14208
0.55,3,0.69912,0.69547,0.074074,0.55,3,1.2886,0.77214,0.14179
0.55,4,0.6989,0.69547,0.074074,0.55,4,1.2861,0.77171,0.14149
0.55,5,0.69876,0.69547,0.074074,0.55,5,1.2835,0.77171,0.1412
0.55,6,0.69949,0.69547,0.074074,0.55,6,1.281,0.77171,0.14091
0.55,7,0.69962,0.69547,0.074074,0.55,7,1.2785,0.77092,0.14062
0.55,8,0.69982,0.69547,0.074074,0.55,8,1.276,0.77092,0.14034
0.55,9,0.7024,0.69547,0.061728,0.55,9,1.2736,0.77092,0.14001
0.55,10,0.70271,0.69547,0.061728,0.55,10,1.2712,0.77092,0.13967
0.55,11,0.7016,0.69547,0.074074,0.55,11,1.2688,0.77092,0.1394
0.55,12,0.70374,0.69547,0.061728,0.55,12,1.2664,0.77092,0.13907
0.55,13,0.70064,0.69547,0.074074,0.55,13,1.264,0.77092,0.1388
0.55,14,0.6977,0.69147,0.074074,0.55,14,1.2617,0.77073,0.13853
0.55,15,0.69637,0.69147,0.074074,0.55,15,1.2593,0.76976,0.13826
0.55,16,0.69758,0.69547,0.074074,0.55,16,1.257,0.76926,0.138
0.55,17,0.69625,0.68463,0.074074,0.55,17,1.2547,0.76926,0.13773
0.55,18,0.69465,0.68463,0.074074,0.55,18,1.2524,0.76859,0.13747
0.55,19,0.68706,0.68007,0.08642,0.55,19,1.2501,0.76792,0.13726
0.55,20,0.68607,0.68007,0.08642,0.55,20,1.2478,0.76765,0.13706
0.55,21,0.72658,0.69147,0.08642,0.55,21,1.2457,0.76755,0.13685
0.55,22,0.72544,0.69147,0.08642,0.55,22,1.2436,0.76755,0.13665
0.55,23,0.70469,0.67963,0.11111,0.55,23,1.2414,0.76732,0.13655
0.55,24,0.70435,0.67963,0.11111,0.55,24,1.2393,0.76556,0.13644
0.55,25,0.70477,0.67963,0.11111,0.55,25,1.2371,0.76489,0.13634
0.6,1,0.69057,0.6507,0.037037,0.6,1,1.235,0.76439,0.13595
0.6,2,0.69057,0.6507,0.037037,0.6,2,1.2328,0.76212,0.13556
0.6,3,0.69057,0.6507,0.037037,0.6,3,1.2307,0.76067,0.13517
0.6,4,0.69057,0.6507,0.037037,0.6,4,1.2286,0.76067,0.13479
0.6,5,0.69057,0.6507,0.037037,0.6,5,1.2265,0.76067,0.1344
0.6,6,0.69057,0.6507,0.037037,0.6,6,1.2244,0.7606,0.13403
0.6,7,0.69057,0.6507,0.037037,0.6,7,1.2223,0.76013,0.13365
0.6,8,0.69057,0.6507,0.037037,0.6,8,1.2203,0.75764,0.13328
0.6,9,0.69057,0.6507,0.037037,0.6,9,1.2182,0.75686,0.13291
0.6,10,0.69057,0.6507,0.037037,0.6,10,1.2162,0.75686,0.13254
0.6,11,0.69057,0.6507,0.037037,0.6,11,1.2142,0.75686,0.13217
0.6,12,0.69057,0.6507,0.037037,0.6,12,1.2122,0.75686,0.13181
0.6,13,0.69057,0.6507,0.037037,0.6,13,1.2102,0.75674,0.13145
0.6,14,0.69057,0.6507,0.037037,0.6,14,1.2083,0.75552,0.1311
0.6,15,0.69057,0.6507,0.037037,0.6,15,1.2063,0.75458,0.13074
0.6,16,0.69057,0.6507,0.037037,0.6,16,1.2044,0.75289,0.13039
0.6,17,0.69057,0.6507,0.037037,0.6,17,1.2025,0.75289,0.13004
0.6,18,0.69057,0.6507,0.037037,0.6,18,1.2006,0.75256,0.1297
0.6,19,0.68375,0.6507,0.049383,0.6,19,1.1987,0.75256,0.1294
0.6,20,0.68266,0.6507,0.049383,0.6,20,1.1967,0.75123,0.12911
0.6,21,0.71508,0.6507,0.049383,0.6,21,1.195,0.75123,0.12881
0.6,22,0.71433,0.6507,0.049383,0.6,22,1.1932,0.75093,0.12852
0.6,23,0.695,0.64421,0.074074,0.6,23,1.1914,0.75093,0.12832
0.6,24,0.69484,0.64421,0.074074,0.6,24,1.1896,0.74941,0.12813
0.6,25,0.69587,0.64421,0.074074,0.6,25,1.1878,0.749,0.12793
0.65,1,0.60901,0.57458,0.17284,0.65,1,1.1857,0.749,0.12809
0.65,2,0.60901,0.57458,0.17284,0.65,2,1.1836,0.74881,0.12825
0.65,3,0.60901,0.57458,0.17284,0.65,3,1.1816,0.74788,0.12841
0.65,4,0.60901,0.57458,0.17284,0.65,4,1.1795,0.74788,0.12857
0.65,5,0.60901,0.57458,0.17284,0.65,5,1.1775,0.74595,0.12873
0.65,6,0.60901,0.57458,0.17284,0.65,6,1.1755,0.74435,0.12889
0.65,7,0.60901,0.57458,0.17284,0.65,7,1.1735,0.74419,0.12904
0.65,8,0.60901,0.57458,0.17284,0.65,8,1.1715,0.74398,0.12919
0.65,9,0.60901,0.57458,0.17284,0.65,9,1.1695,0.74186,0.12935
0.65,10,0.60901,0.57458,0.17284,0.65,10,1.1676,0.74186,0.1295
0.65,11,0.60901,0.57458,0.17284,0.65,11,1.1656,0.74166,0.12965
0.65,12,0.60901,0.57458,0.17284,0.65,12,1.1637,0.74096,0.1298
0.65,13,0.60901,0.57458,0.17284,0.65,13,1.1618,0.73968,0.12995
0.65,14,0.60901,0.57458,0.17284,0.65,14,1.1599,0.739,0.1301
0.65,15,0.60901,0.57458,0.17284,0.65,15,1.158,0.73895,0.13024
0.65,16,0.60901,0.57458,0.17284,0.65,16,1.1561,0.73871,0.13039
0.65,17,0.60901,0.57458,0.17284,0.65,17,1.1542,0.73784,0.13054
0.65,18,0.60901,0.57458,0.17284,0.65,18,1.1524,0.73784,0.13068
0.65,19,0.60901,0.57458,0.17284,0.65,19,1.1505,0.73767,0.13082
0.65,20,0.60901,0.57458,0.17284,0.65,20,1.1487,0.73767,0.13096
0.65,21,0.60901,0.57458,0.17284,0.65,21,1.1469,0.73767,0.13111
0.65,22,0.60901,0.57458,0.17284,0.65,22,1.1451,0.73767,0.13125
0.65,23,0.60901,0.57458,0.17284,0.65,23,1.1433,0.73767,0.13138
0.65,24,0.60901,0.57458,0.17284,0.65,24,1.1415,0.73709,0.13152
0.65,25,0.60901,0.57458,0.17284,0.65,25,1.1397,0.73709,0.13166
0.7,1,0.59264,0.52037,0.20988,0.7,1,1.1379,0.73556,0.13192
0.7,2,0.59264,0.52037,0.20988,0.7,2,1.1361,0.73516,0.13218
0.7,3,0.59264,0.52037,0.20988,0.7,3,1.1343,0.73335,0.13243
0.7,4,0.59264,0.52037,0.20988,0.7,4,1.1326,0.73307,0.13269
0.7,5,0.59264,0.52037,0.20988,0.7,5,1.1308,0.73307,0.13294
0.7,6,0.59264,0.52037,0.20988,0.7,6,1.129,0.73239,0.13319
0.7,7,0.59264,0.52037,0.20988,0.7,7,1.1273,0.73186,0.13344
0.7,8,0.59264,0.52037,0.20988,0.7,8,1.1256,0.73186,0.13368
0.7,9,0.59264,0.52037,0.20988,0.7,9,1.1238,0.73028,0.13393
0.7,10,0.59264,0.52037,0.20988,0.7,10,1.1221,0.73028,0.13417
0.7,11,0.59264,0.52037,0.20988,0.7,11,1.1204,0.73028,0.13442
0.7,12,0.59264,0.52037,0.20988,0.7,12,1.1188,0.73023,0.13466
0.7,13,0.59264,0.52037,0.20988,0.7,13,1.1171,0.72972,0.1349
0.7,14,0.59264,0.52037,0.20988,0.7,14,1.1154,0.72965,0.13514
0.7,15,0.59264,0.52037,0.20988,0.7,15,1.1138,0.72913,0.13537
0.7,16,0.59264,0.52037,0.20988,0.7,16,1.1121,0.72908,0.13561
0.7,17,0.59264,0.52037,0.20988,0.7,17,1.1105,0.72788,0.13584
0.7,18,0.59264,0.52037,0.20988,0.7,18,1.1089,0.72656,0.13607
0.7,19,0.59264,0.52037,0.20988,0.7,19,1.1072,0.72605,0.1363
0.7,20,0.59264,0.52037,0.20988,0.7,20,1.1056,0.72592,0.13653
0.7,21,0.59264,0.52037,0.20988,0.7,21,1.1041,0.72495,0.13676
0.7,22,0.59264,0.52037,0.20988,0.7,22,1.1025,0.72483,0.13699
0.7,23,0.59264,0.52037,0.20988,0.7,23,1.1009,0.72357,0.13721
0.7,24,0.59264,0.52037,0.20988,0.7,24,1.0993,0.72267,0.13744
0.7,25,0.59264,0.52037,0.20988,0.7,25,1.0978,0.72267,0.13766
0.75,1,0.59793,0.45526,0.22222,0.75,1,1.0962,0.72224,0.13792
0.75,2,0.59793,0.45526,0.22222,0.75,2,1.0947,0.72205,0.13817
0.75,3,0.59793,0.45526,0.22222,0.75,3,1.0932,0.72181,0.13843
0.75,4,0.59793,0.45526,0.22222,0.75,4,1.0917,0.72162,0.13868
0.75,5,0.59793,0.45526,0.22222,0.75,5,1.0902,0.72059,0.13894
0.75,6,0.59793,0.45526,0.22222,0.75,6,1.0887,0.71948,0.13919
0.75,7,0.59793,0.45526,0.22222,0.75,7,1.0873,0.71836,0.13944
0.75,8,0.59793,0.45526,0.22222,0.75,8,1.0858,0.71744,0.13968
0.75,9,0.59793,0.45526,0.22222,0.75,9,1.0843,0.71741,0.13993
0.75,10,0.59793,0.45526,0.22222,0.75,10,1.0829,0.71737,0.14017
0.75,11,0.59793,0.45526,0.22222,0.75,11,1.0815,0.71589,0.14042
0.75,12,0.59793,0.45526,0.22222,0.75,12,1.08,0.71496,0.14066
0.75,13,0.59793,0.45526,0.22222,0.75,13,1.0786,0.71423,0.1409
0.75,14,0.59793,0.45526,0.22222,0.75,14,1.0772,0.71208,0.14114
0.75,15,0.59793,0.45526,0.22222,0.75,15,1.0758,0.71173,0.14138
0.75,16,0.59793,0.45526,0.22222,0.75,16,1.0744,0.71115,0.14161
0.75,17,0.59793,0.45526,0.22222,0.75,17,1.073,0.71115,0.14185
0.75,18,0.59793,0.45526,0.22222,0.75,18,1.0716,0.71021,0.14208
0.75,19,0.59793,0.45526,0.22222,0.75,19,1.0702,0.70815,0.14232
0.75,20,0.59793,0.45526,0.22222,0.75,20,1.0689,0.70815,0.14255
0.75,21,0.59793,0.45526,0.22222,0.75,21,1.0675,0.7078,0.14278
0.75,22,0.59793,0.45526,0.22222,0.75,22,1.0662,0.70729,0.143
0.75,23,0.59793,0.45526,0.22222,0.75,23,1.0648,0.70713,0.14323
0.75,24,0.59793,0.45526,0.22222,0.75,24,1.0635,0.70664,0.14346
0.75,25,0.59793,0.45526,0.22222,0.75,25,1.0622,0.70569,0.14368
0.8,1,0.62314,0.44435,0.24691,0.8,1,1.0609,0.70501,0.14397
0.8,2,0.62314,0.44435,0.24691,0.8,2,1.0597,0.70432,0.14427
0.8,3,0.62314,0.44435,0.24691,0.8,3,1.0585,0.70432,0.14456
0.8,4,0.62314,0.44435,0.24691,0.8,4,1.0572,0.70281,0.14484
0.8,5,0.62314,0.44435,0.24691,0.8,5,1.056,0.70244,0.14513
0.8,6,0.62314,0.44435,0.24691,0.8,6,1.0548,0.7009,0.14542
0.8,7,0.62314,0.44435,0.24691,0.8,7,1.0536,0.70004,0.1457
0.8,8,0.62314,0.44435,0.24691,0.8,8,1.0524,0.70003,0.14598
0.8,9,0.62314,0.44435,0.24691,0.8,9,1.0512,0.6989,0.14626
0.8,10,0.62314,0.44435,0.24691,0.8,10,1.05,0.69739,0.14654
0.8,11,0.62314,0.44435,0.24691,0.8,11,1.0488,0.69696,0.14682
0.8,12,0.62314,0.44435,0.24691,0.8,12,1.0477,0.69696,0.14709
0.8,13,0.62314,0.44435,0.24691,0.8,13,1.0465,0.6964,0.14737
0.8,14,0.62314,0.44435,0.24691,0.8,14,1.0453,0.69547,0.14764
0.8,15,0.62314,0.44435,0.24691,0.8,15,1.0442,0.69518,0.14791
0.8,16,0.62314,0.44435,0.24691,0.8,16,1.043,0.69343,0.14818
0.8,17,0.62314,0.44435,0.24691,0.8,17,1.0419,0.69336,0.14845
0.8,18,0.62314,0.44435,0.24691,0.8,18,1.0408,0.6933,0.14872
0.8,19,0.62314,0.44435,0.24691,0.8,19,1.0396,0.69216,0.14898
0.8,20,0.62314,0.44435,0.24691,0.8,20,1.0385,0.69186,0.14925
0.8,21,0.62314,0.44435,0.24691,0.8,21,1.0374,0.69177,0.14951
0.8,22,0.62314,0.44435,0.24691,0.8,22,1.0363,0.69147,0.14977
0.8,23,0.62314,0.44435,0.24691,0.8,23,1.0352,0.69124,0.15003
0.8,24,0.62314,0.44435,0.24691,0.8,24,1.0341,0.69112,0.15029
0.8,25,0.62314,0.44435,0.24691,0.8,25,1.033,0.69109,0.15055
0.85,1,0.65458,0.48084,0.23457,0.85,1,1.032,0.68919,0.15077
0.85,2,0.65458,0.48084,0.23457,0.85,2,1.031,0.68919,0.15099
0.85,3,0.65458,0.48084,0.23457,0.85,3,1.03,0.68919,0.15121
0.85,4,0.65458,0.48084,0.23457,0.85,4,1.029,0.68803,0.15143
0.85,5,0.65458,0.48084,0.23457,0.85,5,1.028,0.68727,0.15165
0.85,6,0.65458,0.48084,0.23457,0.85,6,1.027,0.68634,0.15186
0.85,7,0.65458,0.48084,0.23457,0.85,7,1.0261,0.68634,0.15208
0.85,8,0.65458,0.48084,0.23457,0.85,8,1.0251,0.68577,0.1523
0.85,9,0.65458,0.48084,0.23457,0.85,9,1.0241,0.68577,0.15251
0.85,10,0.65458,0.48084,0.23457,0.85,10,1.0232,0.68569,0.15272
0.85,11,0.65458,0.48084,0.23457,0.85,11,1.0222,0.68569,0.15293
0.85,12,0.65458,0.48084,0.23457,0.85,12,1.0213,0.68479,0.15314
0.85,13,0.65458,0.48084,0.23457,0.85,13,1.0203,0.68463,0.15335
0.85,14,0.65458,0.48084,0.23457,0.85,14,1.0194,0.68433,0.15356
0.85,15,0.65458,0.48084,0.23457,0.85,15,1.0185,0.68017,0.15377
0.85,16,0.65458,0.48084,0.23457,0.85,16,1.0175,0.68012,0.15397
0.85,17,0.65458,0.48084,0.23457,0.85,17,1.0166,0.68007,0.15418
0.85,18,0.65458,0.48084,0.23457,0.85,18,1.0157,0.68007,0.15438
0.85,19,0.65458,0.48084,0.23457,0.85,19,1.0148,0.68007,0.15459
0.85,20,0.65458,0.48084,0.23457,0.85,20,1.0139,0.67998,0.15479
0.85,21,0.65458,0.48084,0.23457,0.85,21,1.013,0.67985,0.15499
0.85,22,0.65458,0.48084,0.23457,0.85,22,1.0121,0.67985,0.15519
0.85,23,0.65458,0.48084,0.23457,0.85,23,1.0112,0.67963,0.15539
0.85,24,0.65458,0.48084,0.23457,0.85,24,1.0103,0.67865,0.15559
0.85,25,0.65458,0.48084,0.23457,0.85,25,1.0094,0.67813,0.15578
0.9,1,0.67217,0.48307,0.28395,0.9,1,1.0086,0.67708,0.1561
0.9,2,0.67217,0.48307,0.28395,0.9,2,1.0077,0.67708,0.15642
0.9,3,0.67217,0.48307,0.28395,0.9,3,1.0069,0.67666,0.15674
0.9,4,0.67217,0.48307,0.28395,0.9,4,1.0061,0.67595,0.15705
0.9,5,0.67217,0.48307,0.28395,0.9,5,1.0052,0.67332,0.15736
0.9,6,0.67217,0.48307,0.28395,0.9,6,1.0044,0.67063,0.15767
0.9,7,0.67217,0.48307,0.28395,0.9,7,1.0036,0.67048,0.15798
0.9,8,0.67217,0.48307,0.28395,0.9,8,1.0028,0.66975,0.15829
0.9,9,0.67217,0.48307,0.28395,0.9,9,1.002,0.66867,0.1586
0.9,10,0.67217,0.48307,0.28395,0.9,10,1.0012,0.66867,0.1589
0.9,11,0.67217,0.48307,0.28395,0.9,11,1.0004,0.66705,0.15921
0.9,12,0.67217,0.48307,0.28395,0.9,12,0.99959,0.66705,0.15951
0.9,13,0.67217,0.48307,0.28395,0.9,13,0.9988,0.66656,0.15981
0.9,14,0.67217,0.48307,0.28395,0.9,14,0.99802,0.66656,0.16011
0.9,15,0.67217,0.48307,0.28395,0.9,15,0.99723,0.66476,0.1604
0.9,16,0.67217,0.48307,0.28395,0.9,16,0.99645,0.66476,0.1607
0.9,17,0.67217,0.48307,0.28395,0.9,17,0.99568,0.66446,0.161
0.9,18,0.67217,0.48307,0.28395,0.9,18,0.99491,0.66446,0.16129
0.9,19,0.67217,0.48307,0.28395,0.9,19,0.99414,0.66353,0.16158
0.9,20,0.67217,0.48307,0.28395,0.9,20,0.99337,0.66353,0.16187
0.9,21,0.67217,0.48307,0.28395,0.9,21,0.99261,0.66225,0.16216
0.9,22,0.67217,0.48307,0.28395,0.9,22,0.99185,0.66225,0.16245
0.9,23,0.67217,0.48307,0.28395,0.9,23,0.9911,0.66202,0.16274
0.9,24,0.67217,0.48307,0.28395,0.9,24,0.99035,0.66202,0.16302
0.9,25,0.67217,0.48307,0.28395,0.9,25,0.9896,0.66139,0.1633
0.95,1,0.69273,0.49368,0.2963,0.95,1,0.98891,0.65794,0.16362
0.95,2,0.69273,0.49368,0.2963,0.95,2,0.98822,0.6552,0.16393
0.95,3,0.69273,0.49368,0.2963,0.95,3,0.98753,0.65466,0.16423
0.95,4,0.69273,0.49368,0.2963,0.95,4,0.98684,0.65449,0.16454
0.95,5,0.69273,0.49368,0.2963,0.95,5,0.98616,0.65402,0.16485
0.95,6,0.69273,0.49368,0.2963,0.95,6,0.98548,0.65337,0.16515
0.95,7,0.69273,0.49368,0.2963,0.95,7,0.9848,0.65272,0.16545
0.95,8,0.69273,0.49368,0.2963,0.95,8,0.98413,0.65219,0.16576
0.95,9,0.69273,0.49368,0.2963,0.95,9,0.98346,0.65103,0.16606
0.95,10,0.69273,0.49368,0.2963,0.95,10,0.98279,0.65103,0.16636
0.95,11,0.69273,0.49368,0.2963,0.95,11,0.98213,0.65079,0.16665
0.95,12,0.69273,0.49368,0.2963,0.95,12,0.98147,0.6507,0.16695
0.95,13,0.69273,0.49368,0.2963,0.95,13,0.98081,0.6507,0.16724
0.95,14,0.69273,0.49368,0.2963,0.95,14,0.98016,0.64755,0.16754
0.95,15,0.69273,0.49368,0.2963,0.95,15,0.9795,0.64755,0.16783
0.95,16,0.69273,0.49368,0.2963,0.95,16,0.97886,0.64644,0.16812
0.95,17,0.69273,0.49368,0.2963,0.95,17,0.97821,0.64588,0.16841
0.95,18,0.69273,0.49368,0.2963,0.95,18,0.97757,0.64588,0.1687
0.95,19,0.69273,0.49368,0.2963,0.95,19,0.97693,0.64565,0.16898
0.95,20,0.69273,0.49368,0.2963,0.95,20,0.97629,0.64506,0.16927
0.95,21,0.69273,0.49368,0.2963,0.95,21,0.97566,0.64498,0.16955
0.95,22,0.69273,0.49368,0.2963,0.95,22,0.97502,0.64498,0.16984
0.95,23,0.69273,0.49368,0.2963,0.95,23,0.9744,0.64421,0.17012
0.95,24,0.69273,0.49368,0.2963,0.95,24,0.97377,0.64418,0.1704
0.95,25,0.69273,0.49368,0.2963,0.95,25,0.97315,0.64417,0.17068
1,1,0.71802,0.50664,0.34568,1,1,0.97258,0.64417,0.17106
1,2,0.71802,0.50664,0.34568,1,2,0.97202,0.64349,0.17145
1,3,0.71802,0.50664,0.34568,1,3,0.97146,0.64264,0.17183
1,4,0.71802,0.50664,0.34568,1,4,0.9709,0.64264,0.17222
1,5,0.71802,0.50664,0.34568,1,5,0.97035,0.64144,0.1726
1,6,0.71802,0.50664,0.34568,1,6,0.9698,0.63969,0.17297
1,7,0.71802,0.50664,0.34568,1,7,0.96925,0.63969,0.17335
1,8,0.71802,0.50664,0.34568,1,8,0.9687,0.63967,0.17373
1,9,0.71802,0.50664,0.34568,1,9,0.96815,0.63951,0.1741
1,10,0.71802,0.50664,0.34568,1,10,0.96761,0.63908,0.17447
1,11,0.71802,0.50664,0.34568,1,11,0.96707,0.63898,0.17484
1,12,0.71802,0.50664,0.34568,1,12,0.96653,0.63895,0.17521
1,13,0.71802,0.50664,0.34568,1,13,0.966,0.63895,0.17558
1,14,0.71802,0.50664,0.34568,1,14,0.96546,0.63895,0.17595
1,15,0.71802,0.50664,0.34568,1,15,0.96493,0.63801,0.17631
1,16,0.71802,0.50664,0.34568,1,16,0.9644,0.63801,0.17667
1,17,0.71802,0.50664,0.34568,1,17,0.96388,0.63801,0.17703
1,18,0.71802,0.50664,0.34568,1,18,0.96335,0.6362,0.17739
1,19,0.71802,0.50664,0.34568,1,19,0.96283,0.6362,0.17775
1,20,0.71802,0.50664,0.34568,1,20,0.96231,0.63619,0.17811
1,21,0.71802,0.50664,0.34568,1,21,0.96179,0.63619,0.17846
1,22,0.71802,0.50664,0.34568,1,22,0.96128,0.63372,0.17882
1,23,0.71802,0.50664,0.34568,1,23,0.96077,0.63361,0.17917
1,24,0.71802,0.50664,0.34568,1,24,0.96026,0.63361,0.17952
1,25,0.71802,0.50664,0.34568,1,25,0.95975,0.63225,0.17987
1.05,1,0.7758,0.4401,0.32099,1.05,1,0.95936,0.63141,0.18016
1.05,2,0.7758,0.4401,0.32099,1.05,2,0.95898,0.63055,0.18046
1.05,3,0.7758,0.4401,0.32099,1.05,3,0.95859,0.63055,0.18075
1.05,4,0.7758,0.4401,0.32099,1.05,4,0.95821,0.63006,0.18104
1.05,5,0.7758,0.4401,0.32099,1.05,5,0.95783,0.62911,0.18134
1.05,6,0.7758,0.4401,0.32099,1.05,6,0.95746,0.62911,0.18162
1.05,7,0.7758,0.4401,0.32099,1.05,7,0.95708,0.62889,0.18191
1.05,8,0.7758,0.4401,0.32099,1.05,8,0.95671,0.62889,0.1822
1.05,9,0.7758,0.4401,0.32099,1.05,9,0.95633,0.62848,0.18249
1.05,10,0.7758,0.4401,0.32099,1.05,10,0.95596,0.62787,0.18277
1.05,11,0.7758,0.4401,0.32099,1.05,11,0.95559,0.62787,0.18306
1.05,12,0.7758,0.4401,0.32099,1.05,12,0.95522,0.62701,0.18334
1.05,13,0.7758,0.4401,0.32099,1.05,13,0.95486,0.62701,0.18362
1.05,14,0.7758,0.4401,0.32099,1.05,14,0.95449,0.62691,0.1839
1.05,15,0.7758,0.4401,0.32099,1.05,15,0.95413,0.62681,0.18418
1.05,16,0.7758,0.4401,0.32099,1.05,16,0.95376,0.62681,0.18446
1.05,17,0.7758,0.4401,0.32099,1.05,17,0.9534,0.62578,0.18473
1.05,18,0.7758,0.4401,0.32099,1.05,18,0.95304,0.62578,0.18501
1.05,19,0.7758,0.4401,0.32099,1.05,19,0.95269,0.62525,0.18528
1.05,20,0.7758,0.4401,0.32099,1.05,20,0.95233,0.62525,0.18556
1.05,21,0.7758,0.4401,0.32099,1.05,21,0.95197,0.62468,0.18583
1.05,22,0.7758,0.4401,0.32099,1.05,22,0.95162,0.62468,0.1861
1.05,23,0.7758,0.4401,0.32099,1.05,23,0.95127,0.62416,0.18637
1.05,24,0.7758,0.4401,0.32099,1.05,24,0.95092,0.62335,0.18664
1.05,25,0.7758,0.4401,0.32099,1.05,25,0.95057,0.62335,0.18691
1.1,1,0.80112,0.42253,0.35802,1.1,1,0.95027,0.62228,0.18725
1.1,2,0.80112,0.42253,0.35802,1.1,2,0.94997,0.62228,0.18759
1.1,3,0.80112,0.42253,0.35802,1.1,3,0.94968,0.62214,0.18793
1.1,4,0.80112,0.42253,0.35802,1.1,4,0.94938,0.62214,0.18827
1.1,5,0.80112,0.42253,0.35802,1.1,5,0.94909,0.62203,0.1886
1.1,6,0.80112,0.42253,0.35802,1.1,6,0.9488,0.62203,0.18894
1.1,7,0.80112,0.42253,0.35802,1.1,7,0.94851,0.6201,0.18927
1.1,8,0.80112,0.42253,0.35802,1.1,8,0.94822,0.6201,0.1896
1.1,9,0.80112,0.42253,0.35802,1.1,9,0.94793,0.62,0.18993
1.1,10,0.80112,0.42253,0.35802,1.1,10,0.94764,0.61833,0.19026
1.1,11,0.80112,0.42253,0.35802,1.1,11,0.94736,0.61833,0.19059
1.1,12,0.80112,0.42253,0.35802,1.1,12,0.94707,0.61804,0.19091
1.1,13,0.80112,0.42253,0.35802,1.1,13,0.94679,0.61804,0.19124
1.1,14,0.80112,0.42253,0.35802,1.1,14,0.9465,0.61586,0.19156
1.1,15,0.80112,0.42253,0.35802,1.1,15,0.94622,0.61586,0.19188
1.1,16,0.80112,0.42253,0.35802,1.1,16,0.94594,0.61586,0.19221
1.1,17,0.80112,0.42253,0.35802,1.1,17,0.94566,0.61563,0.19253
1.1,18,0.80112,0.42253,0.35802,1.1,18,0.94538,0.61563,0.19284
1.1,19,0.80112,0.42253,0.35802,1.1,19,0.94511,0.61435,0.19316
1.1,20,0.80112,0.42253,0.35802,1.1,20,0.94483,0.61435,0.19348
1.1,21,0.80112,0.42253,0.35802,1.1,21,0.94456,0.61357,0.19379
1.1,22,0.80112,0.42253,0.35802,1.1,22,0.94428,0.6134,0.19411
1.1,23,0.80112,0.42253,0.35802,1.1,23,0.94401,0.6134,0.19442
1.1,24,0.80112,0.42253,0.35802,1.1,24,0.94374,0.61324,0.19473
1.1,25,0.80112,0.42253,0.35802,1.1,25,0.94346,0.61324,0.19504
1.15,1,0.86174,0.42087,0.34568,1.15,1,0.94331,0.61293,0.19533
1.15,2,0.86174,0.42087,0.34568,1.15,2,0.94315,0.61293,0.19561
1.15,3,0.86174,0.42087,0.34568,1.15,3,0.943,0.61293,0.1959
1.15,4,0.86174,0.42087,0.34568,1.15,4,0.94285,0.61229,0.19618
1.15,5,0.86174,0.42087,0.34568,1.15,5,0.94269,0.61229,0.19646
1.15,6,0.86174,0.42087,0.34568,1.15,6,0.94254,0.61229,0.19674
1.15,7,0.86174,0.42087,0.34568,1.15,7,0.94239,0.61181,0.19702
1.15,8,0.86174,0.42087,0.34568,1.15,8,0.94224,0.61148,0.1973
1.15,9,0.86174,0.42087,0.34568,1.15,9,0.94209,0.61001,0.19758
1.15,10,0.86174,0.42087,0.34568,1.15,10,0.94194,0.60978,0.19785
1.15,11,0.86174,0.42087,0.34568,1.15,11,0.94179,0.60978,0.19813
1.15,12,0.86174,0.42087,0.34568,1.15,12,0.94164,0.60976,0.1984
1.15,13,0.86174,0.42087,0.34568,1.15,13,0.94149,0.60974,0.19868
1.15,14,0.86174,0.42087,0.34568,1.15,14,0.94135,0.60974,0.19895
1.15,15,0.86174,0.42087,0.34568,1.15,15,0.9412,0.60968,0.19922
1.15,16,0.86174,0.42087,0.34568,1.15,16,0.94105,0.60919,0.19949
1.15,17,0.86174,0.42087,0.34568,1.15,17,0.94091,0.60882,0.19976
1.15,18,0.86174,0.42087,0.34568,1.15,18,0.94076,0.60882,0.20003
1.15,19,0.86174,0.42087,0.34568,1.15,19,0.94062,0.60817,0.20029
1.15,20,0.86174,0.42087,0.34568,1.15,20,0.94047,0.60704,0.20056
1.15,21,0.86174,0.42087,0.34568,1.15,21,0.94033,0.60704,0.20083
1.15,22,0.86174,0.42087,0.34568,1.15,22,0.94018,0.60704,0.20109
1.15,23,0.86174,0.42087,0.34568,1.15,23,0.94004,0.60693,0.20135
1.15,24,0.86174,0.42087,0.34568,1.15,24,0.9399,0.60693,0.20162
1.15,25,0.86174,0.42087,0.34568,1.15,25,0.93976,0.60693,0.20188
1.2,1,0.90046,0.46044,0.32099,1.2,1,0.93969,0.60631,0.20209
1.2,2,0.90046,0.46044,0.32099,1.2,2,0.93961,0.60631,0.20231
1.2,3,0.90046,0.46044,0.32099,1.2,3,0.93954,0.60616,0.20252
1.2,4,0.90046,0.46044,0.32099,1.2,4,0.93947,0.60491,0.20274
1.2,5,0.90046,0.46044,0.32099,1.2,5,0.9394,0.60491,0.20295
1.2,6,0.90046,0.46044,0.32099,1.2,6,0.93933,0.60491,0.20316
1.2,7,0.90046,0.46044,0.32099,1.2,7,0.93926,0.60488,0.20337
1.2,8,0.90046,0.46044,0.32099,1.2,8,0.93919,0.60488,0.20358
1.2,9,0.90046,0.46044,0.32099,1.2,9,0.93912,0.60484,0.20379
1.2,10,0.90046,0.46044,0.32099,1.2,10,0.93906,0.6048,0.204
1.2,11,0.90046,0.46044,0.32099,1.2,11,0.93899,0.6048,0.20421
1.2,12,0.90046,0.46044,0.32099,1.2,12,0.93892,0.60459,0.20442
1.2,13,0.90046,0.46044,0.32099,1.2,13,0.93885,0.60459,0.20462
1.2,14,0.90046,0.46044,0.32099,1.2,14,0.93878,0.60459,0.20483
1.2,15,0.90046,0.46044,0.32099,1.2,15,0.93872,0.60408,0.20503
1.2,16,0.90046,0.46044,0.32099,1.2,16,0.93865,0.60379,0.20524
1.2,17,0.90046,0.46044,0.32099,1.2,17,0.93858,0.60379,0.20544
1.2,18,0.90046,0.46044,0.32099,1.2,18,0.93851,0.60379,0.20565
1.2,19,0.90046,0.46044,0.32099,1.2,19,0.93845,0.60368,0.20585
1.2,20,0.90046,0.46044,0.32099,1.2,20,0.93838,0.60368,0.20605
1.2,21,0.90046,0.46044,0.32099,1.2,21,0.93831,0.60368,0.20625
1.2,22,0.90046,0.46044,0.32099,1.2,22,0.93825,0.60368,0.20645
1.2,23,0.90046,0.46044,0.32099,1.2,23,0.93818,0.60368,0.20665
1.2,24,0.90046,0.46044,0.32099,1.2,24,0.93812,0.60231,0.20685
1.2,25,0.90046,0.46044,0.32099,1.2,25,0.93805,0.60106,0.20705
1.25,1,0.94098,0.45604,0.2963,1.25,1,0.93806,0.60106,0.2072
1.25,2,0.94098,0.45604,0.2963,1.25,2,0.93806,0.60106,0.20736
1.25,3,0.94098,0.45604,0.2963,1.25,3,0.93807,0.60013,0.20751
1.25,4,0.94098,0.45604,0.2963,1.25,4,0.93807,0.59971,0.20766
1.25,5,0.94098,0.45604,0.2963,1.25,5,0.93808,0.59971,0.20782
1.25,6,0.94098,0.45604,0.2963,1.25,6,0.93808,0.59971,0.20797
1.25,7,0.94098,0.45604,0.2963,1.25,7,0.93809,0.59911,0.20812
1.25,8,0.94098,0.45604,0.2963,1.25,8,0.93809,0.59894,0.20827
1.25,9,0.94098,0.45604,0.2963,1.25,9,0.9381,0.59776,0.20842
1.25,10,0.94098,0.45604,0.2963,1.25,10,0.9381,0.59776,0.20857
1.25,11,0.94098,0.45604,0.2963,1.25,11,0.93811,0.59768,0.20872
1.25,12,0.94098,0.45604,0.2963,1.25,12,0.93811,0.59693,0.20887
1.25,13,0.94098,0.45604,0.2963,1.25,13,0.93812,0.59693,0.20902
1.25,14,0.94098,0.45604,0.2963,1.25,14,0.93812,0.59693,0.20917
1.25,15,0.94098,0.45604,0.2963,1.25,15,0.93813,0.59632,0.20931
1.25,16,0.94098,0.45604,0.2963,1.25,16,0.93813,0.59632,0.20946
1.25,17,0.94098,0.45604,0.2963,1.25,17,0.93814,0.59632,0.20961
1.25,18,0.94098,0.45604,0.2963,1.25,18,0.93814,0.59528,0.20975
1.25,19,0.94098,0.45604,0.2963,1.25,19,0.93814,0.59528,0.2099
1.25,20,0.94098,0.45604,0.2963,1.25,20,0.93815,0.59528,0.21004
1.25,21,0.94098,0.45604,0.2963,1.25,21,0.93815,0.59432,0.21019
1.25,22,0.94098,0.45604,0.2963,1.25,22,0.93816,0.59432,0.21033
1.25,23,0.94098,0.45604,0.2963,1.25,23,0.93816,0.59432,0.21047
1.25,24,0.94098,0.45604,0.2963,1.25,24,0.93817,0.59382,0.21062
1.25,25,0.94098,0.45604,0.2963,1.25,25,0.93817,0.59382,0.21076
1.3,1,0.98181,0.45811,0.2963,1.3,1,0.93825,0.59382,0.2109
1.3,2,0.98181,0.45811,0.2963,1.3,2,0.93832,0.59347,0.21104
1.3,3,0.98181,0.45811,0.2963,1.3,3,0.93839,0.59256,0.21118
1.3,4,0.98181,0.45811,0.2963,1.3,4,0.93846,0.59256,0.21133
1.3,5,0.98181,0.45811,0.2963,1.3,5,0.93853,0.59256,0.21147
1.3,6,0.98181,0.45811,0.2963,1.3,6,0.9386,0.59251,0.21161
1.3,7,0.98181,0.45811,0.2963,1.3,7,0.93868,0.59251,0.21174
1.3,8,0.98181,0.45811,0.2963,1.3,8,0.93875,0.59248,0.21188
1.3,9,0.98181,0.45811,0.2963,1.3,9,0.93882,0.5923,0.21202
1.3,10,0.98181,0.45811,0.2963,1.3,10,0.93889,0.5919,0.21216
1.3,11,0.98181,0.45811,0.2963,1.3,11,0.93896,0.59061,0.2123
1.3,12,0.98181,0.45811,0.2963,1.3,12,0.93903,0.59061,0.21243
1.3,13,0.98181,0.45811,0.2963,1.3,13,0.9391,0.59061,0.21257
1.3,14,0.98181,0.45811,0.2963,1.3,14,0.93917,0.5905,0.21271
1.3,15,0.98181,0.45811,0.2963,1.3,15,0.93924,0.5905,0.21284
1.3,16,0.98181,0.45811,0.2963,1.3,16,0.9393,0.5905,0.21298
1.3,17,0.98181,0.45811,0.2963,1.3,17,0.93937,0.5905,0.21311
1.3,18,0.98181,0.45811,0.2963,1.3,18,0.93944,0.5905,0.21325
1.3,19,0.98181,0.45811,0.2963,1.3,19,0.93951,0.58986,0.21338
1.3,20,0.98181,0.45811,0.2963,1.3,20,0.93958,0.58986,0.21351
1.3,21,0.98181,0.45811,0.2963,1.3,21,0.93965,0.58986,0.21365
1.3,22,0.98181,0.45811,0.2963,1.3,22,0.93971,0.58896,0.21378
1.3,23,0.98181,0.45811,0.2963,1.3,23,0.93978,0.58896,0.21391
1.3,24,0.98181,0.45811,0.2963,1.3,24,0.93985,0.58896,0.21404
1.3,25,0.98181,0.45811,0.2963,1.3,25,0.93992,0.58844,0.21418
1.35,1,1.0044,0.4587,0.30864,1.35,1,0.94002,0.58844,0.21433
1.35,2,1.0044,0.4587,0.30864,1.35,2,0.94012,0.58799,0.21448
1.35,3,1.0044,0.4587,0.30864,1.35,3,0.94022,0.58753,0.21463
1.35,4,1.0044,0.4587,0.30864,1.35,4,0.94033,0.58753,0.21478
1.35,5,1.0044,0.4587,0.30864,1.35,5,0.94043,0.58753,0.21492
1.35,6,1.0044,0.4587,0.30864,1.35,6,0.94053,0.58582,0.21507
1.35,7,1.0044,0.4587,0.30864,1.35,7,0.94063,0.58582,0.21522
1.35,8,1.0044,0.4587,0.30864,1.35,8,0.94073,0.58537,0.21537
1.35,9,1.0044,0.4587,0.30864,1.35,9,0.94083,0.58467,0.21551
1.35,10,1.0044,0.4587,0.30864,1.35,10,0.94093,0.58467,0.21566
1.35,11,1.0044,0.4587,0.30864,1.35,11,0.94103,0.58467,0.21581
1.35,12,1.0044,0.4587,0.30864,1.35,12,0.94113,0.58467,0.21595
1.35,13,1.0044,0.4587,0.30864,1.35,13,0.94123,0.58467,0.2161
1.35,14,1.0044,0.4587,0.30864,1.35,14,0.94133,0.58467,0.21624
1.35,15,1.0044,0.4587,0.30864,1.35,15,0.94143,0.58467,0.21639
1.35,16,1.0044,0.4587,0.30864,1.35,16,0.94152,0.58456,0.21653
1.35,17,1.0044,0.4587,0.30864,1.35,17,0.94162,0.58456,0.21667
1.35,18,1.0044,0.4587,0.30864,1.35,18,0.94172,0.58456,0.21682
1.35,19,1.0044,0.4587,0.30864,1.35,19,0.94182,0.58456,0.21696
1.35,20,1.0044,0.4587,0.30864,1.35,20,0.94191,0.58456,0.2171
1.35,21,1.0044,0.4587,0.30864,1.35,21,0.94201,0.58456,0.21724
1.35,22,1.0044,0.4587,0.30864,1.35,22,0.94211,0.58456,0.21738
1.35,23,1.0044,0.4587,0.30864,1.35,23,0.9422,0.58456,0.21752
1.35,24,1.0044,0.4587,0.30864,1.35,24,0.9423,0.58456,0.21766
1.35,25,1.0044,0.4587,0.30864,1.35,25,0.94239,0.58456,0.2178
1.4,1,1.0245,0.4587,0.28395,1.4,1,0.94252,0.58456,0.21791
1.4,2,1.0245,0.4587,0.28395,1.4,2,0.94264,0.58456,0.21801
1.4,3,1.0245,0.4587,0.28395,1.4,3,0.94277,0.58437,0.21811
1.4,4,1.0245,0.4587,0.28395,1.4,4,0.94289,0.58437,0.21821
1.4,5,1.0245,0.4587,0.28395,1.4,5,0.94302,0.58437,0.21831
1.4,6,1.0245,0.4587,0.28395,1.4,6,0.94314,0.58423,0.21841
1.4,7,1.0245,0.4587,0.28395,1.4,7,0.94327,0.58372,0.21851
1.4,8,1.0245,0.4587,0.28395,1.4,8,0.94339,0.58308,0.21861
1.4,9,1.0245,0.4587,0.28395,1.4,9,0.94351,0.58308,0.21871
1.4,10,1.0245,0.4587,0.28395,1.4,10,0.94364,0.58308,0.2188
1.4,11,1.0245,0.4587,0.28395,1.4,11,0.94376,0.58255,0.2189
1.4,12,1.0245,0.4587,0.28395,1.4,12,0.94388,0.58255,0.219
1.4,13,1.0245,0.4587,0.28395,1.4,13,0.944,0.58255,0.2191
1.4,14,1.0245,0.4587,0.28395,1.4,14,0.94412,0.58246,0.2192
1.4,15,1.0245,0.4587,0.28395,1.4,15,0.94424,0.58246,0.21929
1.4,16,1.0245,0.4587,0.28395,1.4,16,0.94436,0.58246,0.21939
1.4,17,1.0245,0.4587,0.28395,1.4,17,0.94448,0.58246,0.21949
1.4,18,1.0245,0.4587,0.28395,1.4,18,0.9446,0.58225,0.21958
1.4,19,1.0245,0.4587,0.28395,1.4,19,0.94472,0.58225,0.21968
1.4,20,1.0245,0.4587,0.28395,1.4,20,0.94484,0.58225,0.21978
1.4,21,1.0245,0.4587,0.28395,1.4,21,0.94496,0.58225,0.21987
1.4,22,1.0245,0.4587,0.28395,1.4,22,0.94508,0.58225,0.21997
1.4,23,1.0245,0.4587,0.28395,1.4,23,0.9452,0.58225,0.22006
1.4,24,1.0245,0.4587,0.28395,1.4,24,0.94531,0.58214,0.22016
1.4,25,1.0245,0.4587,0.28395,1.4,25,0.94543,0.58214,0.22025
1.45,1,1.0459,0.4587,0.28395,1.45,1,0.94558,0.58214,0.22034
1.45,2,1.0459,0.4587,0.28395,1.45,2,0.94573,0.58214,0.22044
1.45,3,1.0459,0.4587,0.28395,1.45,3,0.94587,0.57968,0.22053
1.45,4,1.0459,0.4587,0.28395,1.45,4,0.94602,0.57968,0.22062
1.45,5,1.0459,0.4587,0.28395,1.45,5,0.94617,0.57968,0.22072
1.45,6,1.0459,0.4587,0.28395,1.45,6,0.94631,0.57968,0.22081
1.45,7,1.0459,0.4587,0.28395,1.45,7,0.94646,0.5788,0.2209
1.45,8,1.0459,0.4587,0.28395,1.45,8,0.9466,0.57742,0.22099
1.45,9,1.0459,0.4587,0.28395,1.45,9,0.94675,0.57742,0.22109
1.45,10,1.0459,0.4587,0.28395,1.45,10,0.94689,0.57742,0.22118
1.45,11,1.0459,0.4587,0.28395,1.45,11,0.94704,0.57742,0.22127
1.45,12,1.0459,0.4587,0.28395,1.45,12,0.94718,0.57627,0.22136
1.45,13,1.0459,0.4587,0.28395,1.45,13,0.94733,0.57627,0.22145
1.45,14,1.0459,0.4587,0.28395,1.45,14,0.94747,0.57627,0.22154
1.45,15,1.0459,0.4587,0.28395,1.45,15,0.94761,0.57627,0.22163
1.45,16,1.0459,0.4587,0.28395,1.45,16,0.94775,0.57553,0.22172
1.45,17,1.0459,0.4587,0.28395,1.45,17,0.94789,0.57514,0.22181
1.45,18,1.0459,0.4587,0.28395,1.45,18,0.94804,0.57514,0.2219
1.45,19,1.0459,0.4587,0.28395,1.45,19,0.94818,0.57514,0.22199
1.45,20,1.0459,0.4587,0.28395,1.45,20,0.94832,0.5751,0.22208
1.45,21,1.0459,0.4587,0.28395,1.45,21,0.94846,0.5751,0.22217
1.45,22,1.0459,0.4587,0.28395,1.45,22,0.9486,0.5751,0.22226
1.45,23,1.0459,0.4587,0.28395,1.45,23,0.94873,0.5751,0.22235
1.45,24,1.0459,0.4587,0.28395,1.45,24,0.94887,0.5751,0.22243
1.45,25,1.0459,0.4587,0.28395,1.45,25,0.94901,0.5751,0.22252
1.5,1,1.052,0.4587,0.2963,1.5,1,0.94916,0.5751,0.22263
1.5,2,1.052,0.4587,0.2963,1.5,2,0.94931,0.57495,0.22273
1.5,3,1.052,0.4587,0.2963,1.5,3,0.94945,0.57495,0.22284
1.5,4,1.052,0.4587,0.2963,1.5,4,0.9496,0.57495,0.22294
1.5,5,1.052,0.4587,0.2963,1.5,5,0.94974,0.57458,0.22304
1.5,6,1.052,0.4587,0.2963,1.5,6,0.94989,0.57458,0.22315
1.5,7,1.052,0.4587,0.2963,1.5,7,0.95003,0.57458,0.22325
1.5,8,1.052,0.4587,0.2963,1.5,8,0.95017,0.57458,0.22335
1.5,9,1.052,0.4587,0.2963,1.5,9,0.95032,0.57433,0.22346
1.5,10,1.052,0.4587,0.2963,1.5,10,0.95046,0.57408,0.22356
1.5,11,1.052,0.4587,0.2963,1.5,11,0.9506,0.57393,0.22366
1.5,12,1.052,0.4587,0.2963,1.5,12,0.95075,0.57393,0.22376
1.5,13,1.052,0.4587,0.2963,1.5,13,0.95089,0.57393,0.22386
1.5,14,1.052,0.4587,0.2963,1.5,14,0.95103,0.57273,0.22397
1.5,15,1.052,0.4587,0.2963,1.5,15,0.95117,0.57272,0.22407
1.5,16,1.052,0.4587,0.2963,1.5,16,0.95131,0.57272,0.22417
1.5,17,1.052,0.4587,0.2963,1.5,17,0.95145,0.57272,0.22427
1.5,18,1.052,0.4587,0.2963,1.5,18,0.95159,0.57272,0.22437
1.5,19,1.052,0.4587,0.2963,1.5,19,0.95173,0.57272,0.22447
1.5,20,1.052,0.4587,0.2963,1.5,20,0.95187,0.57272,0.22457
1.5,21,1.052,0.4587,0.2963,1.5,21,0.95201,0.5727,0.22467
1.5,22,1.052,0.4587,0.2963,1.5,22,0.95215,0.57269,0.22477
1.5,23,1.052,0.4587,0.2963,1.5,23,0.95228,0.57186,0.22487
1.5,24,1.052,0.4587,0.2963,1.5,24,0.95242,0.57136,0.22496
1.5,25,1.052,0.4587,0.2963,1.5,25,0.95256,0.57136,0.22506
1.55,1,1.0583,0.4587,0.2963,1.55,1,0.95271,0.57136,0.22516
1.55,2,1.0583,0.4587,0.2963,1.55,2,0.95285,0.57127,0.22526
1.55,3,1.0583,0.4587,0.2963,1.55,3,0.953,0.57118,0.22536
1.55,4,1.0583,0.4587,0.2963,1.55,4,0.95314,0.57118,0.22545
1.55,5,1.0583,0.4587,0.2963,1.55,5,0.95328,0.57118,0.22555
1.55,6,1.0583,0.4587,0.2963,1.55,6,0.95343,0.57086,0.22565
1.55,7,1.0583,0.4587,0.2963,1.55,7,0.95357,0.5708,0.22574
1.55,8,1.0583,0.4587,0.2963,1.55,8,0.95371,0.57075,0.22584
1.55,9,1.0583,0.4587,0.2963,1.55,9,0.95386,0.57072,0.22593
1.55,10,1.0583,0.4587,0.2963,1.55,10,0.954,0.57066,0.22603
1.55,11,1.0583,0.4587,0.2963,1.55,11,0.95414,0.57066,0.22613
1.55,12,1.0583,0.4587,0.2963,1.55,12,0.95428,0.57066,0.22622
1.55,13,1.0583,0.4587,0.2963,1.55,13,0.95442,0.57066,0.22632
1.55,14,1.0583,0.4587,0.2963,1.55,14,0.95456,0.57066,0.22641
1.55,15,1.0583,0.4587,0.2963,1.55,15,0.9547,0.57066,0.2265
1.55,16,1.0583,0.4587,0.2963,1.55,16,0.95484,0.57066,0.2266
1.55,17,1.0583,0.4587,0.2963,1.55,17,0.95498,0.57066,0.22669
1.55,18,1.0583,0.4587,0.2963,1.55,18,0.95512,0.57066,0.22679
1.55,19,1.0583,0.4587,0.2963,1.55,19,0.95526,0.57065,0.22688
1.55,20,1.0583,0.4587,0.2963,1.55,20,0.9554,0.56975,0.22697
1.55,21,1.0583,0.4587,0.2963,1.55,21,0.95553,0.56975,0.22706
1.55,22,1.0583,0.4587,0.2963,1.55,22,0.95567,0.56975,0.22716
1.55,23,1.0583,0.4587,0.2963,1.55,23,0.95581,0.56975,0.22725
1.55,24,1.0583,0.4587,0.2963,1.55,24,0.95594,0.56919,0.22734
1.55,25,1.0583,0.4587,0.2963,1.55,25,0.95608,0.56919,0.22743
1.6,1,1.0615,0.4587,0.28395,1.6,1,0.95622,0.56919,0.22751
1.6,2,1.0615,0.4587,0.28395,1.6,2,0.95636,0.56919,0.22758
1.6,3,1.0615,0.4587,0.28395,1.6,3,0.9565,0.56919,0.22766
1.6,4,1.0615,0.4587,0.28395,1.6,4,0.95664,0.56919,0.22773
1.6,5,1.0615,0.4587,0.28395,1.6,5,0.95678,0.56898,0.22781
1.6,6,1.0615,0.4587,0.28395,1.6,6,0.95692,0.56848,0.22788
1.6,7,1.0615,0.4587,0.28395,1.6,7,0.95705,0.56848,0.22796
1.6,8,1.0615,0.4587,0.28395,1.6,8,0.95719,0.56848,0.22803
1.6,9,1.0615,0.4587,0.28395,1.6,9,0.95733,0.56848,0.2281
1.6,10,1.0615,0.4587,0.28395,1.6,10,0.95747,0.56811,0.22818
1.6,11,1.0615,0.4587,0.28395,1.6,11,0.9576,0.56811,0.22825
1.6,12,1.0615,0.4587,0.28395,1.6,12,0.95774,0.56811,0.22832
1.6,13,1.0615,0.4587,0.28395,1.6,13,0.95787,0.56811,0.2284
1.6,14,1.0615,0.4587,0.28395,1.6,14,0.95801,0.56784,0.22847
1.6,15,1.0615,0.4587,0.28395,1.6,15,0.95815,0.56784,0.22854
1.6,16,1.0615,0.4587,0.28395,1.6,16,0.95828,0.56784,0.22861
1.6,17,1.0615,0.4587,0.28395,1.6,17,0.95841,0.56784,0.22868
1.6,18,1.0615,0.4587,0.28395,1.6,18,0.95855,0.56759,0.22876
1.6,19,1.0615,0.4587,0.28395,1.6,19,0.95868,0.56759,0.22883
1.6,20,1.0615,0.4587,0.28395,1.6,20,0.95882,0.56759,0.2289
1.6,21,1.0615,0.4587,0.28395,1.6,21,0.95895,0.56759,0.22897
1.6,22,1.0615,0.4587,0.28395,1.6,22,0.95908,0.56738,0.22904
1.6,23,1.0615,0.4587,0.28395,1.6,23,0.95921,0.56738,0.22911
1.6,24,1.0615,0.4587,0.28395,1.6,24,0.95935,0.56738,0.22918
1.6,25,1.0615,0.4587,0.28395,1.6,25,0.95948,0.56738,0.22925
1.65,1,1.0638,0.4587,0.2716,1.65,1,0.95961,0.56736,0.22931
1.65,2,1.0638,0.4587,0.2716,1.65,2,0.95975,0.56688,0.22936
1.65,3,1.0638,0.4587,0.2716,1.65,3,0.95988,0.56431,0.22942
1.65,4,1.0638,0.4587,0.2716,1.65,4,0.96001,0.56431,0.22947
1.65,5,1.0638,0.4587,0.2716,1.65,5,0.96015,0.56431,0.22953
1.65,6,1.0638,0.4587,0.2716,1.65,6,0.96028,0.56431,0.22958
1.65,7,1.0638,0.4587,0.2716,1.65,7,0.96041,0.56418,0.22963
1.65,8,1.0638,0.4587,0.2716,1.65,8,0.96054,0.56418,0.22969
1.65,9,1.0638,0.4587,0.2716,1.65,9,0.96067,0.56418,0.22974
1.65,10,1.0638,0.4587,0.2716,1.65,10,0.9608,0.56417,0.22979
1.65,11,1.0638,0.4587,0.2716,1.65,11,0.96094,0.5641,0.22985
1.65,12,1.0638,0.4587,0.2716,1.65,12,0.96107,0.5641,0.2299
1.65,13,1.0638,0.4587,0.2716,1.65,13,0.9612,0.5641,0.22995
1.65,14,1.0638,0.4587,0.2716,1.65,14,0.96133,0.56394,0.23
1.65,15,1.0638,0.4587,0.2716,1.65,15,0.96146,0.56378,0.23006
1.65,16,1.0638,0.4587,0.2716,1.65,16,0.96159,0.56378,0.23011
1.65,17,1.0638,0.4587,0.2716,1.65,17,0.96171,0.56378,0.23016
1.65,18,1.0638,0.4587,0.2716,1.65,18,0.96184,0.5633,0.23021
1.65,19,1.0638,0.4587,0.2716,1.65,19,0.96197,0.56265,0.23027
1.65,20,1.0638,0.4587,0.2716,1.65,20,0.9621,0.56259,0.23032
1.65,21,1.0638,0.4587,0.2716,1.65,21,0.96223,0.56259,0.23037
1.65,22,1.0638,0.4587,0.2716,1.65,22,0.96235,0.56259,0.23042
1.65,23,1.0638,0.4587,0.2716,1.65,23,0.96248,0.56199,0.23047
1.65,24,1.0638,0.4587,0.2716,1.65,24,0.96261,0.56199,0.23052
1.65,25,1.0638,0.4587,0.2716,1.65,25,0.96273,0.56199,0.23058
1.7,1,1.0636,0.4587,0.2716,1.7,1,0.96286,0.56199,0.23063
1.7,2,1.0636,0.4587,0.2716,1.7,2,0.96298,0.55811,0.23068
1.7,3,1.0636,0.4587,0.2716,1.7,3,0.96311,0.55811,0.23073
1.7,4,1.0636,0.4587,0.2716,1.7,4,0.96323,0.55811,0.23078
1.7,5,1.0636,0.4587,0.2716,1.7,5,0.96336,0.55811,0.23083
1.7,6,1.0636,0.4587,0.2716,1.7,6,0.96348,0.5578,0.23088
1.7,7,1.0636,0.4587,0.2716,1.7,7,0.96361,0.5578,0.23093
1.7,8,1.0636,0.4587,0.2716,1.7,8,0.96373,0.5578,0.23098
1.7,9,1.0636,0.4587,0.2716,1.7,9,0.96385,0.5578,0.23103
1.7,10,1.0636,0.4587,0.2716,1.7,10,0.96398,0.5578,0.23108
1.7,11,1.0636,0.4587,0.2716,1.7,11,0.9641,0.5578,0.23113
1.7,12,1.0636,0.4587,0.2716,1.7,12,0.96422,0.5578,0.23118
1.7,13,1.0636,0.4587,0.2716,1.7,13,0.96434,0.5578,0.23123
1.7,14,1.0636,0.4587,0.2716,1.7,14,0.96447,0.55772,0.23128
1.7,15,1.0636,0.4587,0.2716,1.7,15,0.96459,0.55772,0.23133
1.7,16,1.0636,0.4587,0.2716,1.7,16,0.96471,0.55772,0.23138
1.7,17,1.0636,0.4587,0.2716,1.7,17,0.96483,0.55772,0.23143
1.7,18,1.0636,0.4587,0.2716,1.7,18,0.96495,0.55669,0.23148
1.7,19,1.0636,0.4587,0.2716,1.7,19,0.96507,0.55669,0.23153
1.7,20,1.0636,0.4587,0.2716,1.7,20,0.96519,0.55669,0.23158
1.7,21,1.0636,0.4587,0.2716,1.7,21,0.96531,0.55669,0.23162
1.7,22,1.0636,0.4587,0.2716,1.7,22,0.96543,0.55599,0.23167
1.7,23,1.0636,0.4587,0.2716,1.7,23,0.96555,0.55599,0.23172
1.7,24,1.0636,0.4587,0.2716,1.7,24,0.96567,0.55599,0.23177
1.7,25,1.0636,0.4587,0.2716,1.7,25,0.96579,0.55599,0.23182
1.75,1,1.0636,0.4587,0.2716,1.75,1,0.9659,0.55592,0.23187
1.75,2,1.0636,0.4587,0.2716,1.75,2,0.96602,0.5556,0.23191
1.75,3,1.0636,0.4587,0.2716,1.75,3,0.96614,0.5556,0.23196
1.75,4,1.0636,0.4587,0.2716,1.75,4,0.96626,0.5556,0.23201
1.75,5,1.0636,0.4587,0.2716,1.75,5,0.96637,0.55556,0.23206
1.75,6,1.0636,0.4587,0.2716,1.75,6,0.96649,0.55549,0.2321
1.75,7,1.0636,0.4587,0.2716,1.75,7,0.96661,0.5553,0.23215
1.75,8,1.0636,0.4587,0.2716,1.75,8,0.96672,0.55515,0.2322
1.75,9,1.0636,0.4587,0.2716,1.75,9,0.96684,0.55515,0.23225
1.75,10,1.0636,0.4587,0.2716,1.75,10,0.96696,0.55513,0.23229
1.75,11,1.0636,0.4587,0.2716,1.75,11,0.96707,0.55513,0.23234
1.75,12,1.0636,0.4587,0.2716,1.75,12,0.96719,0.55513,0.23239
1.75,13,1.0636,0.4587,0.2716,1.75,13,0.9673,0.55513,0.23243
1.75,14,1.0636,0.4587,0.2716,1.75,14,0.96742,0.55508,0.23248
1.75,15,1.0636,0.4587,0.2716,1.75,15,0.96753,0.55478,0.23253
1.75,16,1.0636,0.4587,0.2716,1.75,16,0.96764,0.55478,0.23257
1.75,17,1.0636,0.4587,0.2716,1.75,17,0.96776,0.55478,0.23262
1.75,18,1.0636,0.4587,0.2716,1.75,18,0.96787,0.55478,0.23267
1.75,19,1.0636,0.4587,0.2716,1.75,19,0.96798,0.5542,0.23271
1.75,20,1.0636,0.4587,0.2716,1.75,20,0.9681,0.55405,0.23276
1.75,21,1.0636,0.4587,0.2716,1.75,21,0.96821,0.55363,0.2328
1.75,22,1.0636,0.4587,0.2716,1.75,22,0.96832,0.55286,0.23285
1.75,23,1.0636,0.4587,0.2716,1.75,23,0.96844,0.55286,0.2329
1.75,24,1.0636,0.4587,0.2716,1.75,24,0.96855,0.55286,0.23294
1.75,25,1.0636,0.4587,0.2716,1.75,25,0.96866,0.55286,0.23299
1.8,1,1.0636,0.4587,0.2716,1.8,1,0.96877,0.55244,0.23303
1.8,2,1.0636,0.4587,0.2716,1.8,2,0.96888,0.55189,0.23308
1.8,3,1.0636,0.4587,0.2716,1.8,3,0.96899,0.55189,0.23312
1.8,4,1.0636,0.4587,0.2716,1.8,4,0.9691,0.55189,0.23317
1.8,5,1.0636,0.4587,0.2716,1.8,5,0.96921,0.55186,0.23321
1.8,6,1.0636,0.4587,0.2716,1.8,6,0.96932,0.5515,0.23326
1.8,7,1.0636,0.4587,0.2716,1.8,7,0.96943,0.5515,0.2333
1.8,8,1.0636,0.4587,0.2716,1.8,8,0.96954,0.5515,0.23335
1.8,9,1.0636,0.4587,0.2716,1.8,9,0.96965,0.5515,0.23339
1.8,10,1.0636,0.4587,0.2716,1.8,10,0.96976,0.55142,0.23344
1.8,11,1.0636,0.4587,0.2716,1.8,11,0.96987,0.55068,0.23348
1.8,12,1.0636,0.4587,0.2716,1.8,12,0.96998,0.55068,0.23352
1.8,13,1.0636,0.4587,0.2716,1.8,13,0.97009,0.55068,0.23357
1.8,14,1.0636,0.4587,0.2716,1.8,14,0.97019,0.55068,0.23361
1.8,15,1.0636,0.4587,0.2716,1.8,15,0.9703,0.55044,0.23366
1.8,16,1.0636,0.4587,0.2716,1.8,16,0.97041,0.55015,0.2337
1.8,17,1.0636,0.4587,0.2716,1.8,17,0.97052,0.54974,0.23374
1.8,18,1.0636,0.4587,0.2716,1.8,18,0.97062,0.54974,0.23379
1.8,19,1.0636,0.4587,0.2716,1.8,19,0.97073,0.54974,0.23383
1.8,20,1.0636,0.4587,0.2716,1.8,20,0.97084,0.54974,0.23387
1.8,21,1.0636,0.4587,0.2716,1.8,21,0.97094,0.54917,0.23392
1.8,22,1.0636,0.4587,0.2716,1.8,22,0.97105,0.54892,0.23396
1.8,23,1.0636,0.4587,0.2716,1.8,23,0.97116,0.54892,0.234
1.8,24,1.0636,0.4587,0.2716,1.8,24,0.97126,0.54892,0.23405
1.8,25,1.0636,0.4587,0.2716,1.8,25,0.97137,0.54892,0.23409
1.85,1,1.0636,0.4587,0.2716,1.85,1,0.97147,0.54892,0.23413
1.85,2,1.0636,0.4587,0.2716,1.85,2,0.97158,0.54892,0.23417
1.85,3,1.0636,0.4587,0.2716,1.85,3,0.97168,0.54892,0.23422
1.85,4,1.0636,0.4587,0.2716,1.85,4,0.97179,0.54892,0.23426
1.85,5,1.0636,0.4587,0.2716,1.85,5,0.97189,0.54835,0.2343
1.85,6,1.0636,0.4587,0.2716,1.85,6,0.97199,0.54835,0.23434
1.85,7,1.0636,0.4587,0.2716,1.85,7,0.9721,0.54835,0.23439
1.85,8,1.0636,0.4587,0.2716,1.85,8,0.9722,0.54835,0.23443
1.85,9,1.0636,0.4587,0.2716,1.85,9,0.97231,0.54665,0.23447
1.85,10,1.0636,0.4587,0.2716,1.85,10,0.97241,0.54665,0.23451
1.85,11,1.0636,0.4587,0.2716,1.85,11,0.97251,0.54665,0.23455
1.85,12,1.0636,0.4587,0.2716,1.85,12,0.97261,0.54665,0.2346
1.85,13,1.0636,0.4587,0.2716,1.85,13,0.97272,0.54614,0.23464
1.85,14,1.0636,0.4587,0.2716,1.85,14,0.97282,0.54558,0.23468
1.85,15,1.0636,0.4587,0.2716,1.85,15,0.97292,0.54558,0.23472
1.85,16,1.0636,0.4587,0.2716,1.85,16,0.97302,0.54371,0.23476
1.85,17,1.0636,0.4587,0.2716,1.85,17,0.97312,0.54337,0.2348
1.85,18,1.0636,0.4587,0.2716,1.85,18,0.97322,0.54216,0.23484
1.85,19,1.0636,0.4587,0.2716,1.85,19,0.97332,0.54216,0.23489
1.85,20,1.0636,0.4587,0.2716,1.85,20,0.97343,0.54216,0.23493
1.85,21,1.0636,0.4587,0.2716,1.85,21,0.97353,0.54216,0.23497
1.85,22,1.0636,0.4587,0.2716,1.85,22,0.97363,0.54191,0.23501
1.85,23,1.0636,0.4587,0.2716,1.85,23,0.97373,0.54154,0.23505
1.85,24,1.0636,0.4587,0.2716,1.85,24,0.97383,0.54154,0.23509
1.85,25,1.0636,0.4587,0.2716,1.85,25,0.97393,0.54154,0.23513
1.9,1,1.0636,0.4587,0.2716,1.9,1,0.97403,0.54154,0.23517
1.9,2,1.0636,0.4587,0.2716,1.9,2,0.97412,0.54154,0.23521
1.9,3,1.0636,0.4587,0.2716,1.9,3,0.97422,0.54154,0.23525
1.9,4,1.0636,0.4587,0.2716,1.9,4,0.97432,0.54154,0.23529
1.9,5,1.0636,0.4587,0.2716,1.9,5,0.97442,0.54123,0.23533
1.9,6,1.0636,0.4587,0.2716,1.9,6,0.97452,0.54091,0.23537
1.9,7,1.0636,0.4587,0.2716,1.9,7,0.97462,0.54091,0.23541
1.9,8,1.0636,0.4587,0.2716,1.9,8,0.97471,0.54091,0.23545
1.9,9,1.0636,0.4587,0.2716,1.9,9,0.97481,0.53965,0.23549
1.9,10,1.0636,0.4587,0.2716,1.9,10,0.97491,0.53965,0.23553
1.9,11,1.0636,0.4587,0.2716,1.9,11,0.97501,0.53965,0.23557
1.9,12,1.0636,0.4587,0.2716,1.9,12,0.9751,0.53965,0.23561
1.9,13,1.0636,0.4587,0.2716,1.9,13,0.9752,0.53959,0.23565
1.9,14,1.0636,0.4587,0.2716,1.9,14,0.9753,0.53959,0.23569
1.9,15,1.0636,0.4587,0.2716,1.9,15,0.97539,0.53959,0.23573
1.9,16,1.0636,0.4587,0.2716,1.9,16,0.97549,0.53959,0.23577
1.9,17,1.0636,0.4587,0.2716,1.9,17,0.97559,0.53929,0.23581
1.9,18,1.0636,0.4587,0.2716,1.9,18,0.97568,0.53929,0.23584
1.9,19,1.0636,0.4587,0.2716,1.9,19,0.97578,0.53929,0.23588
1.9,20,1.0636,0.4587,0.2716,1.9,20,0.97587,0.53929,0.23592
1.9,21,1.0636,0.4587,0.2716,1.9,21,0.97597,0.5383,0.23596
1.9,22,1.0636,0.4587,0.2716,1.9,22,0.97606,0.5383,0.236
1.9,23,1.0636,0.4587,0.2716,1.9,23,0.97616,0.5383,0.23604
1.9,24,1.0636,0.4587,0.2716,1.9,24,0.97625,0.5383,0.23608
1.9,25,1.0636,0.4587,0.2716,1.9,25,0.97635,0.53829,0.23611
1.95,1,1.0636,0.4587,0.2716,1.95,1,0.97644,0.53829,0.23615
1.95,2,1.0636,0.4587,0.2716,1.95,2,0.97653,0.53829,0.23619
1.95,3,1.0636,0.4587,0.2716,1.95,3,0.97663,0.53829,0.23623
1.95,4,1.0636,0.4587,0.2716,1.95,4,0.97672,0.53812,0.23627
1.95,5,1.0636,0.4587,0.2716,1.95,5,0.97681,0.538,0.23631
1.95,6,1.0636,0.4587,0.2716,1.95,6,0.97691,0.53757,0.23634
1.95,7,1.0636,0.4587,0.2716,1.95,7,0.977,0.53756,0.23638
1.95,8,1.0636,0.4587,0.2716,1.95,8,0.97709,0.53756,0.23642
1.95,9,1.0636,0.4587,0.2716,1.95,9,0.97719,0.53751,0.23646
1.95,10,1.0636,0.4587,0.2716,1.95,10,0.97728,0.53715,0.23649
1.95,11,1.0636,0.4587,0.2716,1.95,11,0.97737,0.53694,0.23653
1.95,12,1.0636,0.4587,0.2716,1.95,12,0.97746,0.53694,0.23657
1.95,13,1.0636,0.4587,0.2716,1.95,13,0.97755,0.53694,0.23661
1.95,14,1.0636,0.4587,0.2716,1.95,14,0.97765,0.53694,0.23664
1.95,15,1.0636,0.4587,0.2716,1.95,15,0.97774,0.53667,0.23668
1.95,16,1.0636,0.4587,0.2716,1.95,16,0.97783,0.53667,0.23672
1.95,17,1.0636,0.4587,0.2716,1.95,17,0.97792,0.53631,0.23675
1.95,18,1.0636,0.4587,0.2716,1.95,18,0.97801,0.53631,0.23679
1.95,19,1.0636,0.4587,0.2716,1.95,19,0.9781,0.53631,0.23683
1.95,20,1.0636,0.4587,0.2716,1.95,20,0.97819,0.53631,0.23686
1.95,21,1.0636,0.4587,0.2716,1.95,21,0.97828,0.5362,0.2369
1.95,22,1.0636,0.4587,0.2716,1.95,22,0.97837,0.53595,0.23694
1.95,23,1.0636,0.4587,0.2716,1.95,23,0.97846,0.53595,0.23697
1.95,24,1.0636,0.4587,0.2716,1.95,24,0.97855,0.53595,0.23701
1.95,25,1.0636,0.4587,0.2716,1.95,25,0.97864,0.53595,0.23705
2,1,1.0636,0.4587,0.2716,2,1,0.97873,0.53581,0.23708
2,2,1.0636,0.4587,0.2716,2,2,0.97882,0.53581,0.23712
2,3,1.0636,0.4587,0.2716,2,3,0.97891,0.53581,0.23716
2,4,1.0636,0.4587,0.2716,2,4,0.979,0.53581,0.23719
2,5,1.0636,0.4587,0.2716,2,5,0.97908,0.53578,0.23723
2,6,1.0636,0.4587,0.2716,2,6,0.97917,0.53578,0.23726
2,7,1.0636,0.4587,0.2716,2,7,0.97926,0.53578,0.2373
2,8,1.0636,0.4587,0.2716,2,8,0.97935,0.53578,0.23734
2,9,1.0636,0.4587,0.2716,2,9,0.97944,0.53528,0.23737
2,10,1.0636,0.4587,0.2716,2,10,0.97952,0.53528,0.23741
2,11,1.0636,0.4587,0.2716,2,11,0.97961,0.53528,0.23744
2,12,1.0636,0.4587,0.2716,2,12,0.9797,0.53528,0.23748
2,13,1.0636,0.4587,0.2716,2,13,0.97978,0.53494,0.23751
2,14,1.0636,0.4587,0.2716,2,14,0.97987,0.53464,0.23755
2,15,1.0636,0.4587,0.2716,2,15,0.97996,0.53464,0.23758
2,16,1.0636,0.4587,0.2716,2,16,0.98004,0.53464,0.23762
2,17,1.0636,0.4587,0.2716,2,17,0.98013,0.53464,0.23765
2,18,1.0636,0.4587,0.2716,2,18,0.98022,0.53464,0.23769
2,19,1.0636,0.4587,0.2716,2,19,0.9803,0.53464,0.23772
2,20,1.0636,0.4587,0.2716,2,20,0.98039,0.53464,0.23776
2,21,1.0636,0.4587,0.2716,2,21,0.98047,0.53464,0.23779
2,22,1.0636,0.4587,0.2716,2,22,0.98056,0.53464,0.23783
2,23,1.0636,0.4587,0.2716,2,23,0.98065,0.53464,0.23786
2,24,1.0636,0.4587,0.2716,2,24,0.98073,0.53464,0.2379
2,25,1.0636,0.4587,0.2716,2,25,0.98082,0.53462,0.23793
